Station,Year,Latitude,Longitude,ET_Mon,RH_Mon,Wind_Mon,Rainfall_Mon,NDVI_Mon,NDBI_Mon,NDMI_Mon,NDWI_Mon,Temp_Min_Mon,Temp_Max_Mon,SM_10cm_Mon,SM_40cm_Mon,SM_100cm_Mon,GWL_Mon
Station-1,1992,25.0208,83.0403,352.1525,66.8711,4.8606,764.2461,0.1565,-0.0170,0.0170,-0.1751,53.957,68.151,27.6711,25.8687,21.4581,1.5700
Station-2,1992,24.9272,83.0444,352.1525,66.8711,4.8606,764.2461,0.1565,-0.0170,0.0170,-0.1751,53.957,68.151,27.6711,25.8687,21.4581,1.0800
Station-3,1992,24.8833,82.7917,352.1525,66.8711,4.8606,764.2461,0.1565,-0.0170,0.0170,-0.1751,53.957,68.151,27.6711,25.8687,21.4581,0.3800
Station-4,1992,25.1528,82.3917,352.1525,66.8711,4.8606,764.2461,0.1565,-0.0170,0.0170,-0.1751,53.957,68.151,27.6711,25.8687,21.4581,12.5300
Station-5,1992,25.1583,82.4833,352.1525,66.8711,4.8606,764.2461,0.1565,-0.0170,0.0170,-0.1751,53.957,68.151,27.6711,25.8687,21.4581,12.2300
Station-6,1992,24.8267,82.3233,352.1525,66.8711,4.8606,764.2461,0.1565,-0.0170,0.0170,-0.1751,53.957,68.151,27.6711,25.8687,21.4581,6.5300
Station-7,1992,25.0667,82.4900,352.1525,66.8711,4.8606,764.2461,0.1565,-0.0170,0.0170,-0.1751,53.957,68.151,27.6711,25.8687,21.4581,4.3400
Station-8,1992,25.1333,82.6000,352.1525,66.8711,4.8606,764.2461,0.1565,-0.0170,0.0170,-0.1751,53.957,68.151,27.6711,25.8687,21.4581,6.2300
Station-9,1992,25.0208,82.3639,352.1525,66.8711,4.8606,764.2461,0.1565,-0.0170,0.0170,-0.1751,53.957,68.151,27.6711,25.8687,21.4581,2.8500
Station-1,1993,25.0208,83.0403,393.2202,72.7488,5.1221,923.2823,0.0400,0.0304,-0.0304,-0.0683,54.473,66.563,28.8971,27.2910,20.0611,1.6300
Station-2,1993,24.9272,83.0444,393.2202,72.7488,5.1221,923.2823,0.0400,0.0304,-0.0304,-0.0683,54.473,66.563,28.8971,27.2910,20.0611,1.2000
Station-3,1993,24.8833,82.7917,393.2202,72.7488,5.1221,923.2823,0.0400,0.0304,-0.0304,-0.0683,54.473,66.563,28.8971,27.2910,20.0611,0.9000
Station-4,1993,25.1528,82.3917,393.2202,72.7488,5.1221,923.2823,0.0400,0.0304,-0.0304,-0.0683,54.473,66.563,28.8971,27.2910,20.0611,12.7000
Station-5,1993,25.1583,82.4833,393.2202,72.7488,5.1221,923.2823,0.0400,0.0304,-0.0304,-0.0683,54.473,66.563,28.8971,27.2910,20.0611,11.1000
Station-6,1993,24.8267,82.3233,393.2202,72.7488,5.1221,923.2823,0.0400,0.0304,-0.0304,-0.0683,54.473,66.563,28.8971,27.2910,20.0611,0.0000
Station-7,1993,25.0667,82.4900,393.2202,72.7488,5.1221,923.2823,0.0400,0.0304,-0.0304,-0.0683,54.473,66.563,28.8971,27.2910,20.0611,1.2000
Station-8,1993,25.1333,82.6000,393.2202,72.7488,5.1221,923.2823,0.0400,0.0304,-0.0304,-0.0683,54.473,66.563,28.8971,27.2910,20.0611,4.5000
Station-9,1993,25.0208,82.3639,393.2202,72.7488,5.1221,923.2823,0.0400,0.0304,-0.0304,-0.0683,54.473,66.563,28.8971,27.2910,20.0611,2.4400
Station-1,1994,25.0208,83.0403,548.6927,74.7752,4.8331,1239.7806,0.1450,-0.0166,0.0166,-0.1655,53.469,65.855,35.4562,34.7591,32.0289,1.2100
Station-2,1994,24.9272,83.0444,548.6927,74.7752,4.8331,1239.7806,0.1450,-0.0166,0.0166,-0.1655,53.469,65.855,35.4562,34.7591,32.0289,0.0000
Station-3,1994,24.8833,82.7917,548.6927,74.7752,4.8331,1239.7806,0.1450,-0.0166,0.0166,-0.1655,53.469,65.855,35.4562,34.7591,32.0289,0.8300
Station-4,1994,25.1528,82.3917,548.6927,74.7752,4.8331,1239.7806,0.1450,-0.0166,0.0166,-0.1655,53.469,65.855,35.4562,34.7591,32.0289,12.2500
Station-5,1994,25.1583,82.4833,548.6927,74.7752,4.8331,1239.7806,0.1450,-0.0166,0.0166,-0.1655,53.469,65.855,35.4562,34.7591,32.0289,11.1700
Station-6,1994,24.8267,82.3233,548.6927,74.7752,4.8331,1239.7806,0.1450,-0.0166,0.0166,-0.1655,53.469,65.855,35.4562,34.7591,32.0289,0.0000
Station-7,1994,25.0667,82.4900,548.6927,74.7752,4.8331,1239.7806,0.1450,-0.0166,0.0166,-0.1655,53.469,65.855,35.4562,34.7591,32.0289,0.0000
Station-8,1994,25.1333,82.6000,548.6927,74.7752,4.8331,1239.7806,0.1450,-0.0166,0.0166,-0.1655,53.469,65.855,35.4562,34.7591,32.0289,6.6000
Station-9,1994,25.0208,82.3639,548.6927,74.7752,4.8331,1239.7806,0.1450,-0.0166,0.0166,-0.1655,53.469,65.855,35.4562,34.7591,32.0289,2.0800
Station-1,1995,25.0208,83.0403,483.3867,72.3767,4.9115,1058.7614,0.0000,0.0000,0.0000,0.0000,54.225,67.289,33.3740,30.6864,27.7725,0.9100
Station-2,1995,24.9272,83.0444,483.3867,72.3767,4.9115,1058.7614,0.0000,0.0000,0.0000,0.0000,54.225,67.289,33.3740,30.6864,27.7725,0.9900
Station-3,1995,24.8833,82.7917,483.3867,72.3767,4.9115,1058.7614,0.0000,0.0000,0.0000,0.0000,54.225,67.289,33.3740,30.6864,27.7725,0.7800
Station-4,1995,25.1528,82.3917,483.3867,72.3767,4.9115,1058.7614,0.0000,0.0000,0.0000,0.0000,54.225,67.289,33.3740,30.6864,27.7725,11.7700
Station-5,1995,25.1583,82.4833,483.3867,72.3767,4.9115,1058.7614,0.0000,0.0000,0.0000,0.0000,54.225,67.289,33.3740,30.6864,27.7725,13.3600
Station-6,1995,24.8267,82.3233,483.3867,72.3767,4.9115,1058.7614,0.0000,0.0000,0.0000,0.0000,54.225,67.289,33.3740,30.6864,27.7725,4.8000
Station-7,1995,25.0667,82.4900,483.3867,72.3767,4.9115,1058.7614,0.0000,0.0000,0.0000,0.0000,54.225,67.289,33.3740,30.6864,27.7725,3.8900
Station-8,1995,25.1333,82.6000,483.3867,72.3767,4.9115,1058.7614,0.0000,0.0000,0.0000,0.0000,54.225,67.289,33.3740,30.6864,27.7725,5.8500
Station-9,1995,25.0208,82.3639,483.3867,72.3767,4.9115,1058.7614,0.0000,0.0000,0.0000,0.0000,54.225,67.289,33.3740,30.6864,27.7725,2.3200
Station-1,1996,25.0208,83.0403,466.5666,76.1953,4.3189,1263.2860,0.0000,0.0000,0.0000,0.0000,54.446,65.837,34.6193,33.6119,31.1133,1.0200
Station-2,1996,24.9272,83.0444,466.5666,76.1953,4.3189,1263.2860,0.0000,0.0000,0.0000,0.0000,54.446,65.837,34.6193,33.6119,31.1133,0.9000
Station-3,1996,24.8833,82.7917,466.5666,76.1953,4.3189,1263.2860,0.0000,0.0000,0.0000,0.0000,54.446,65.837,34.6193,33.6119,31.1133,1.0000
Station-4,1996,25.1528,82.3917,466.5666,76.1953,4.3189,1263.2860,0.0000,0.0000,0.0000,0.0000,54.446,65.837,34.6193,33.6119,31.1133,12.3500
Station-5,1996,25.1583,82.4833,466.5666,76.1953,4.3189,1263.2860,0.0000,0.0000,0.0000,0.0000,54.446,65.837,34.6193,33.6119,31.1133,12.9700
Station-6,1996,24.8267,82.3233,466.5666,76.1953,4.3189,1263.2860,0.0000,0.0000,0.0000,0.0000,54.446,65.837,34.6193,33.6119,31.1133,4.3800
Station-7,1996,25.0667,82.4900,466.5666,76.1953,4.3189,1263.2860,0.0000,0.0000,0.0000,0.0000,54.446,65.837,34.6193,33.6119,31.1133,1.6900
Station-8,1996,25.1333,82.6000,466.5666,76.1953,4.3189,1263.2860,0.0000,0.0000,0.0000,0.0000,54.446,65.837,34.6193,33.6119,31.1133,6.5100
Station-9,1996,25.0208,82.3639,466.5666,76.1953,4.3189,1263.2860,0.0000,0.0000,0.0000,0.0000,54.446,65.837,34.6193,33.6119,31.1133,2.0200
Station-1,1997,25.0208,83.0403,489.0277,75.7983,4.9318,1060.0001,0.0413,0.0306,-0.0306,-0.0669,53.974,65.462,34.4989,33.0461,31.4587,1.4500
Station-2,1997,24.9272,83.0444,489.0277,75.7983,4.9318,1060.0001,0.0413,0.0306,-0.0306,-0.0669,53.974,65.462,34.4989,33.0461,31.4587,0.2000
Station-3,1997,24.8833,82.7917,489.0277,75.7983,4.9318,1060.0001,0.0413,0.0306,-0.0306,-0.0669,53.974,65.462,34.4989,33.0461,31.4587,0.1500
Station-4,1997,25.1528,82.3917,489.0277,75.7983,4.9318,1060.0001,0.0413,0.0306,-0.0306,-0.0669,53.974,65.462,34.4989,33.0461,31.4587,10.9000
Station-5,1997,25.1583,82.4833,489.0277,75.7983,4.9318,1060.0001,0.0413,0.0306,-0.0306,-0.0669,53.974,65.462,34.4989,33.0461,31.4587,10.1000
Station-6,1997,24.8267,82.3233,489.0277,75.7983,4.9318,1060.0001,0.0413,0.0306,-0.0306,-0.0669,53.974,65.462,34.4989,33.0461,31.4587,0.0000
Station-7,1997,25.0667,82.4900,489.0277,75.7983,4.9318,1060.0001,0.0413,0.0306,-0.0306,-0.0669,53.974,65.462,34.4989,33.0461,31.4587,0.9500
Station-8,1997,25.1333,82.6000,489.0277,75.7983,4.9318,1060.0001,0.0413,0.0306,-0.0306,-0.0669,53.974,65.462,34.4989,33.0461,31.4587,6.1200
Station-9,1997,25.0208,82.3639,489.0277,75.7983,4.9318,1060.0001,0.0413,0.0306,-0.0306,-0.0669,53.974,65.462,34.4989,33.0461,31.4587,1.7600
Station-1,1998,25.0208,83.0403,485.6967,74.3359,4.8918,1166.1475,0.0000,0.0000,0.0000,0.0000,54.908,66.853,35.2539,33.7999,32.2534,0.0000
Station-2,1998,24.9272,83.0444,485.6967,74.3359,4.8918,1166.1475,0.0000,0.0000,0.0000,0.0000,54.908,66.853,35.2539,33.7999,32.2534,0.0000
Station-3,1998,24.8833,82.7917,485.6967,74.3359,4.8918,1166.1475,0.0000,0.0000,0.0000,0.0000,54.908,66.853,35.2539,33.7999,32.2534,0.0000
Station-4,1998,25.1528,82.3917,485.6967,74.3359,4.8918,1166.1475,0.0000,0.0000,0.0000,0.0000,54.908,66.853,35.2539,33.7999,32.2534,0.0000
Station-5,1998,25.1583,82.4833,485.6967,74.3359,4.8918,1166.1475,0.0000,0.0000,0.0000,0.0000,54.908,66.853,35.2539,33.7999,32.2534,0.0000
Station-6,1998,24.8267,82.3233,485.6967,74.3359,4.8918,1166.1475,0.0000,0.0000,0.0000,0.0000,54.908,66.853,35.2539,33.7999,32.2534,0.0000
Station-7,1998,25.0667,82.4900,485.6967,74.3359,4.8918,1166.1475,0.0000,0.0000,0.0000,0.0000,54.908,66.853,35.2539,33.7999,32.2534,0.0000
Station-8,1998,25.1333,82.6000,485.6967,74.3359,4.8918,1166.1475,0.0000,0.0000,0.0000,0.0000,54.908,66.853,35.2539,33.7999,32.2534,0.0000
Station-9,1998,25.0208,82.3639,485.6967,74.3359,4.8918,1166.1475,0.0000,0.0000,0.0000,0.0000,54.908,66.853,35.2539,33.7999,32.2534,0.0000
Station-1,1999,25.0208,83.0403,482.0135,75.8267,4.7838,1206.3497,0.0000,0.0000,0.0000,0.0000,53.812,65.664,35.3292,34.1480,30.9498,0.0000
Station-2,1999,24.9272,83.0444,482.0135,75.8267,4.7838,1206.3497,0.0000,0.0000,0.0000,0.0000,53.812,65.664,35.3292,34.1480,30.9498,0.0000
Station-3,1999,24.8833,82.7917,482.0135,75.8267,4.7838,1206.3497,0.0000,0.0000,0.0000,0.0000,53.812,65.664,35.3292,34.1480,30.9498,0.0000
Station-4,1999,25.1528,82.3917,482.0135,75.8267,4.7838,1206.3497,0.0000,0.0000,0.0000,0.0000,53.812,65.664,35.3292,34.1480,30.9498,0.0000
Station-5,1999,25.1583,82.4833,482.0135,75.8267,4.7838,1206.3497,0.0000,0.0000,0.0000,0.0000,53.812,65.664,35.3292,34.1480,30.9498,0.0000
Station-6,1999,24.8267,82.3233,482.0135,75.8267,4.7838,1206.3497,0.0000,0.0000,0.0000,0.0000,53.812,65.664,35.3292,34.1480,30.9498,0.0000
Station-7,1999,25.0667,82.4900,482.0135,75.8267,4.7838,1206.3497,0.0000,0.0000,0.0000,0.0000,53.812,65.664,35.3292,34.1480,30.9498,0.0000
Station-8,1999,25.1333,82.6000,482.0135,75.8267,4.7838,1206.3497,0.0000,0.0000,0.0000,0.0000,53.812,65.664,35.3292,34.1480,30.9498,0.0000
Station-9,1999,25.0208,82.3639,482.0135,75.8267,4.7838,1206.3497,0.0000,0.0000,0.0000,0.0000,53.812,65.664,35.3292,34.1480,30.9498,0.0000
Station-1,2000,25.0208,83.0403,523.0407,78.3424,4.9087,1079.7826,0.1307,-0.0391,0.0391,-0.1270,53.836,65.085,34.9440,34.0728,29.7995,1.5700
Station-2,2000,24.9272,83.0444,523.0407,78.3424,4.9087,1079.7826,0.1307,-0.0391,0.0391,-0.1270,53.836,65.085,34.9440,34.0728,29.7995,3.0800
Station-3,2000,24.8833,82.7917,523.0407,78.3424,4.9087,1079.7826,0.1307,-0.0391,0.0391,-0.1270,53.836,65.085,34.9440,34.0728,29.7995,0.3500
Station-4,2000,25.1528,82.3917,523.0407,78.3424,4.9087,1079.7826,0.1307,-0.0391,0.0391,-0.1270,53.836,65.085,34.9440,34.0728,29.7995,11.4000
Station-5,2000,25.1583,82.4833,523.0407,78.3424,4.9087,1079.7826,0.1307,-0.0391,0.0391,-0.1270,53.836,65.085,34.9440,34.0728,29.7995,7.1800
Station-6,2000,24.8267,82.3233,523.0407,78.3424,4.9087,1079.7826,0.1307,-0.0391,0.0391,-0.1270,53.836,65.085,34.9440,34.0728,29.7995,4.8900
Station-7,2000,25.0667,82.4900,523.0407,78.3424,4.9087,1079.7826,0.1307,-0.0391,0.0391,-0.1270,53.836,65.085,34.9440,34.0728,29.7995,1.2700
Station-8,2000,25.1333,82.6000,523.0407,78.3424,4.9087,1079.7826,0.1307,-0.0391,0.0391,-0.1270,53.836,65.085,34.9440,34.0728,29.7995,4.6300
Station-9,2000,25.0208,82.3639,523.0407,78.3424,4.9087,1079.7826,0.1307,-0.0391,0.0391,-0.1270,53.836,65.085,34.9440,34.0728,29.7995,1.8900
Station-1,2001,25.0208,83.0403,497.2307,80.0323,4.7058,957.5530,0.1282,-0.0377,0.0377,-0.1281,53.969,64.788,35.6475,33.8275,31.4693,1.7500
Station-2,2001,24.9272,83.0444,497.2307,80.0323,4.7058,957.5530,0.1282,-0.0377,0.0377,-0.1281,53.969,64.788,35.6475,33.8275,31.4693,0.9000
Station-3,2001,24.8833,82.7917,497.2307,80.0323,4.7058,957.5530,0.1282,-0.0377,0.0377,-0.1281,53.969,64.788,35.6475,33.8275,31.4693,0.3500
Station-4,2001,25.1528,82.3917,497.2307,80.0323,4.7058,957.5530,0.1282,-0.0377,0.0377,-0.1281,53.969,64.788,35.6475,33.8275,31.4693,11.4000
Station-5,2001,25.1583,82.4833,497.2307,80.0323,4.7058,957.5530,0.1282,-0.0377,0.0377,-0.1281,53.969,64.788,35.6475,33.8275,31.4693,8.8000
Station-6,2001,24.8267,82.3233,497.2307,80.0323,4.7058,957.5530,0.1282,-0.0377,0.0377,-0.1281,53.969,64.788,35.6475,33.8275,31.4693,0.0000
Station-7,2001,25.0667,82.4900,497.2307,80.0323,4.7058,957.5530,0.1282,-0.0377,0.0377,-0.1281,53.969,64.788,35.6475,33.8275,31.4693,0.3500
Station-8,2001,25.1333,82.6000,497.2307,80.0323,4.7058,957.5530,0.1282,-0.0377,0.0377,-0.1281,53.969,64.788,35.6475,33.8275,31.4693,5.1000
Station-9,2001,25.0208,82.3639,497.2307,80.0323,4.7058,957.5530,0.1282,-0.0377,0.0377,-0.1281,53.969,64.788,35.6475,33.8275,31.4693,1.2700
Station-1,2002,25.0208,83.0403,438.7927,70.1953,5.2008,813.8978,0.0721,-0.0321,0.0321,-0.0886,54.116,67.062,31.1054,29.9680,26.0622,2.5000
Station-2,2002,24.9272,83.0444,438.7927,70.1953,5.2008,813.8978,0.0721,-0.0321,0.0321,-0.0886,54.116,67.062,31.1054,29.9680,26.0622,1.3400
Station-3,2002,24.8833,82.7917,438.7927,70.1953,5.2008,813.8978,0.0721,-0.0321,0.0321,-0.0886,54.116,67.062,31.1054,29.9680,26.0622,1.3300
Station-4,2002,25.1528,82.3917,438.7927,70.1953,5.2008,813.8978,0.0721,-0.0321,0.0321,-0.0886,54.116,67.062,31.1054,29.9680,26.0622,0.0000
Station-5,2002,25.1583,82.4833,438.7927,70.1953,5.2008,813.8978,0.0721,-0.0321,0.0321,-0.0886,54.116,67.062,31.1054,29.9680,26.0622,0.0000
Station-6,2002,24.8267,82.3233,438.7927,70.1953,5.2008,813.8978,0.0721,-0.0321,0.0321,-0.0886,54.116,67.062,31.1054,29.9680,26.0622,7.4000
Station-7,2002,25.0667,82.4900,438.7927,70.1953,5.2008,813.8978,0.0721,-0.0321,0.0321,-0.0886,54.116,67.062,31.1054,29.9680,26.0622,1.3000
Station-8,2002,25.1333,82.6000,438.7927,70.1953,5.2008,813.8978,0.0721,-0.0321,0.0321,-0.0886,54.116,67.062,31.1054,29.9680,26.0622,5.2000
Station-9,2002,25.0208,82.3639,438.7927,70.1953,5.2008,813.8978,0.0721,-0.0321,0.0321,-0.0886,54.116,67.062,31.1054,29.9680,26.0622,2.8500
Station-1,2003,25.0208,83.0403,421.5929,77.2039,4.3612,1055.6629,0.0000,0.0000,0.0000,0.0000,54.221,65.812,32.9412,31.1145,26.3543,1.7800
Station-2,2003,24.9272,83.0444,421.5929,77.2039,4.3612,1055.6629,0.0000,0.0000,0.0000,0.0000,54.221,65.812,32.9412,31.1145,26.3543,0.7800
Station-3,2003,24.8833,82.7917,421.5929,77.2039,4.3612,1055.6629,0.0000,0.0000,0.0000,0.0000,54.221,65.812,32.9412,31.1145,26.3543,0.5100
Station-4,2003,25.1528,82.3917,421.5929,77.2039,4.3612,1055.6629,0.0000,0.0000,0.0000,0.0000,54.221,65.812,32.9412,31.1145,26.3543,12.1700
Station-5,2003,25.1583,82.4833,421.5929,77.2039,4.3612,1055.6629,0.0000,0.0000,0.0000,0.0000,54.221,65.812,32.9412,31.1145,26.3543,0.0000
Station-6,2003,24.8267,82.3233,421.5929,77.2039,4.3612,1055.6629,0.0000,0.0000,0.0000,0.0000,54.221,65.812,32.9412,31.1145,26.3543,0.0000
Station-7,2003,25.0667,82.4900,421.5929,77.2039,4.3612,1055.6629,0.0000,0.0000,0.0000,0.0000,54.221,65.812,32.9412,31.1145,26.3543,0.9500
Station-8,2003,25.1333,82.6000,421.5929,77.2039,4.3612,1055.6629,0.0000,0.0000,0.0000,0.0000,54.221,65.812,32.9412,31.1145,26.3543,3.8700
Station-9,2003,25.0208,82.3639,421.5929,77.2039,4.3612,1055.6629,0.0000,0.0000,0.0000,0.0000,54.221,65.812,32.9412,31.1145,26.3543,1.8700
Station-1,2004,25.0208,83.0403,509.5310,75.0102,5.5648,828.0057,0.1639,-0.0070,0.0070,-0.1934,54.076,66.840,32.2174,32.5793,29.1828,0.2500
Station-2,2004,24.9272,83.0444,509.5310,75.0102,5.5648,828.0057,0.1639,-0.0070,0.0070,-0.1934,54.076,66.840,32.2174,32.5793,29.1828,1.1000
Station-3,2004,24.8833,82.7917,509.5310,75.0102,5.5648,828.0057,0.1639,-0.0070,0.0070,-0.1934,54.076,66.840,32.2174,32.5793,29.1828,1.2500
Station-4,2004,25.1528,82.3917,509.5310,75.0102,5.5648,828.0057,0.1639,-0.0070,0.0070,-0.1934,54.076,66.840,32.2174,32.5793,29.1828,12.2000
Station-5,2004,25.1583,82.4833,509.5310,75.0102,5.5648,828.0057,0.1639,-0.0070,0.0070,-0.1934,54.076,66.840,32.2174,32.5793,29.1828,10.4000
Station-6,2004,24.8267,82.3233,509.5310,75.0102,5.5648,828.0057,0.1639,-0.0070,0.0070,-0.1934,54.076,66.840,32.2174,32.5793,29.1828,5.4000
Station-7,2004,25.0667,82.4900,509.5310,75.0102,5.5648,828.0057,0.1639,-0.0070,0.0070,-0.1934,54.076,66.840,32.2174,32.5793,29.1828,2.2500
Station-8,2004,25.1333,82.6000,509.5310,75.0102,5.5648,828.0057,0.1639,-0.0070,0.0070,-0.1934,54.076,66.840,32.2174,32.5793,29.1828,2.5500
Station-9,2004,25.0208,82.3639,509.5310,75.0102,5.5648,828.0057,0.1639,-0.0070,0.0070,-0.1934,54.076,66.840,32.2174,32.5793,29.1828,2.4700
Station-1,2005,25.0208,83.0403,454.8932,69.3246,5.2768,836.8566,0.2710,-0.0624,0.0624,-0.2917,54.231,66.842,32.5175,31.5422,29.3676,2.4500
Station-2,2005,24.9272,83.0444,454.8932,69.3246,5.2768,836.8566,0.2710,-0.0624,0.0624,-0.2917,54.231,66.842,32.5175,31.5422,29.3676,1.1100
Station-3,2005,24.8833,82.7917,454.8932,69.3246,5.2768,836.8566,0.2710,-0.0624,0.0624,-0.2917,54.231,66.842,32.5175,31.5422,29.3676,6.9500
Station-4,2005,25.1528,82.3917,454.8932,69.3246,5.2768,836.8566,0.2710,-0.0624,0.0624,-0.2917,54.231,66.842,32.5175,31.5422,29.3676,13.8500
Station-5,2005,25.1583,82.4833,454.8932,69.3246,5.2768,836.8566,0.2710,-0.0624,0.0624,-0.2917,54.231,66.842,32.5175,31.5422,29.3676,12.4000
Station-6,2005,24.8267,82.3233,454.8932,69.3246,5.2768,836.8566,0.2710,-0.0624,0.0624,-0.2917,54.231,66.842,32.5175,31.5422,29.3676,5.0600
Station-7,2005,25.0667,82.4900,454.8932,69.3246,5.2768,836.8566,0.2710,-0.0624,0.0624,-0.2917,54.231,66.842,32.5175,31.5422,29.3676,2.9200
Station-8,2005,25.1333,82.6000,454.8932,69.3246,5.2768,836.8566,0.2710,-0.0624,0.0624,-0.2917,54.231,66.842,32.5175,31.5422,29.3676,10.1000
Station-9,2005,25.0208,82.3639,454.8932,69.3246,5.2768,836.8566,0.2710,-0.0624,0.0624,-0.2917,54.231,66.842,32.5175,31.5422,29.3676,1.9600
Station-1,2006,25.0208,83.0403,548.3666,73.1942,5.1758,921.7221,0.1183,-0.0560,0.0560,-0.1155,53.872,65.492,34.3902,34.5791,30.8373,2.1600
Station-2,2006,24.9272,83.0444,548.3666,73.1942,5.1758,921.7221,0.1183,-0.0560,0.0560,-0.1155,53.872,65.492,34.3902,34.5791,30.8373,1.0200
Station-3,2006,24.8833,82.7917,548.3666,73.1942,5.1758,921.7221,0.1183,-0.0560,0.0560,-0.1155,53.872,65.492,34.3902,34.5791,30.8373,2.5000
Station-4,2006,25.1528,82.3917,548.3666,73.1942,5.1758,921.7221,0.1183,-0.0560,0.0560,-0.1155,53.872,65.492,34.3902,34.5791,30.8373,14.2000
Station-5,2006,25.1583,82.4833,548.3666,73.1942,5.1758,921.7221,0.1183,-0.0560,0.0560,-0.1155,53.872,65.492,34.3902,34.5791,30.8373,10.6000
Station-6,2006,24.8267,82.3233,548.3666,73.1942,5.1758,921.7221,0.1183,-0.0560,0.0560,-0.1155,53.872,65.492,34.3902,34.5791,30.8373,7.7500
Station-7,2006,25.0667,82.4900,548.3666,73.1942,5.1758,921.7221,0.1183,-0.0560,0.0560,-0.1155,53.872,65.492,34.3902,34.5791,30.8373,2.9000
Station-8,2006,25.1333,82.6000,548.3666,73.1942,5.1758,921.7221,0.1183,-0.0560,0.0560,-0.1155,53.872,65.492,34.3902,34.5791,30.8373,10.3300
Station-9,2006,25.0208,82.3639,548.3666,73.1942,5.1758,921.7221,0.1183,-0.0560,0.0560,-0.1155,53.872,65.492,34.3902,34.5791,30.8373,2.0100
Station-1,2007,25.0208,83.0403,460.7128,74.1543,4.9868,844.6101,0.1871,-0.0407,0.0407,-0.2063,54.409,66.020,33.1436,31.3817,26.8510,1.6300
Station-2,2007,24.9272,83.0444,460.7128,74.1543,4.9868,844.6101,0.1871,-0.0407,0.0407,-0.2063,54.409,66.020,33.1436,31.3817,26.8510,0.0000
Station-3,2007,24.8833,82.7917,460.7128,74.1543,4.9868,844.6101,0.1871,-0.0407,0.0407,-0.2063,54.409,66.020,33.1436,31.3817,26.8510,0.0000
Station-4,2007,25.1528,82.3917,460.7128,74.1543,4.9868,844.6101,0.1871,-0.0407,0.0407,-0.2063,54.409,66.020,33.1436,31.3817,26.8510,13.1600
Station-5,2007,25.1583,82.4833,460.7128,74.1543,4.9868,844.6101,0.1871,-0.0407,0.0407,-0.2063,54.409,66.020,33.1436,31.3817,26.8510,9.8700
Station-6,2007,24.8267,82.3233,460.7128,74.1543,4.9868,844.6101,0.1871,-0.0407,0.0407,-0.2063,54.409,66.020,33.1436,31.3817,26.8510,11.2400
Station-7,2007,25.0667,82.4900,460.7128,74.1543,4.9868,844.6101,0.1871,-0.0407,0.0407,-0.2063,54.409,66.020,33.1436,31.3817,26.8510,7.1000
Station-8,2007,25.1333,82.6000,460.7128,74.1543,4.9868,844.6101,0.1871,-0.0407,0.0407,-0.2063,54.409,66.020,33.1436,31.3817,26.8510,11.4600
Station-9,2007,25.0208,82.3639,460.7128,74.1543,4.9868,844.6101,0.1871,-0.0407,0.0407,-0.2063,54.409,66.020,33.1436,31.3817,26.8510,8.1900
Station-1,2008,25.0208,83.0403,547.1652,79.9547,4.8205,1188.8343,0.0382,0.0331,-0.0331,-0.0697,54.222,65.383,38.1585,37.3499,35.8068,1.4500
Station-2,2008,24.9272,83.0444,547.1652,79.9547,4.8205,1188.8343,0.0382,0.0331,-0.0331,-0.0697,54.222,65.383,38.1585,37.3499,35.8068,0.8500
Station-3,2008,24.8833,82.7917,547.1652,79.9547,4.8205,1188.8343,0.0382,0.0331,-0.0331,-0.0697,54.222,65.383,38.1585,37.3499,35.8068,1.7100
Station-4,2008,25.1528,82.3917,547.1652,79.9547,4.8205,1188.8343,0.0382,0.0331,-0.0331,-0.0697,54.222,65.383,38.1585,37.3499,35.8068,10.6400
Station-5,2008,25.1583,82.4833,547.1652,79.9547,4.8205,1188.8343,0.0382,0.0331,-0.0331,-0.0697,54.222,65.383,38.1585,37.3499,35.8068,7.5500
Station-6,2008,24.8267,82.3233,547.1652,79.9547,4.8205,1188.8343,0.0382,0.0331,-0.0331,-0.0697,54.222,65.383,38.1585,37.3499,35.8068,5.5500
Station-7,2008,25.0667,82.4900,547.1652,79.9547,4.8205,1188.8343,0.0382,0.0331,-0.0331,-0.0697,54.222,65.383,38.1585,37.3499,35.8068,0.9500
Station-8,2008,25.1333,82.6000,547.1652,79.9547,4.8205,1188.8343,0.0382,0.0331,-0.0331,-0.0697,54.222,65.383,38.1585,37.3499,35.8068,9.4700
Station-9,2008,25.0208,82.3639,547.1652,79.9547,4.8205,1188.8343,0.0382,0.0331,-0.0331,-0.0697,54.222,65.383,38.1585,37.3499,35.8068,1.9700
Station-1,2009,25.0208,83.0403,382.7754,68.6736,4.9960,568.3654,0.1655,-0.0061,0.0061,-0.1993,54.831,66.769,27.1437,25.8513,19.7557,12.7500
Station-2,2009,24.9272,83.0444,382.7754,68.6736,4.9960,568.3654,0.1655,-0.0061,0.0061,-0.1993,54.831,66.769,27.1437,25.8513,19.7557,0.6000
Station-3,2009,24.8833,82.7917,382.7754,68.6736,4.9960,568.3654,0.1655,-0.0061,0.0061,-0.1993,54.831,66.769,27.1437,25.8513,19.7557,0.9500
Station-4,2009,25.1528,82.3917,382.7754,68.6736,4.9960,568.3654,0.1655,-0.0061,0.0061,-0.1993,54.831,66.769,27.1437,25.8513,19.7557,14.9000
Station-5,2009,25.1583,82.4833,382.7754,68.6736,4.9960,568.3654,0.1655,-0.0061,0.0061,-0.1993,54.831,66.769,27.1437,25.8513,19.7557,14.1000
Station-6,2009,24.8267,82.3233,382.7754,68.6736,4.9960,568.3654,0.1655,-0.0061,0.0061,-0.1993,54.831,66.769,27.1437,25.8513,19.7557,5.5500
Station-7,2009,25.0667,82.4900,382.7754,68.6736,4.9960,568.3654,0.1655,-0.0061,0.0061,-0.1993,54.831,66.769,27.1437,25.8513,19.7557,8.5000
Station-8,2009,25.1333,82.6000,382.7754,68.6736,4.9960,568.3654,0.1655,-0.0061,0.0061,-0.1993,54.831,66.769,27.1437,25.8513,19.7557,9.4000
Station-9,2009,25.0208,82.3639,382.7754,68.6736,4.9960,568.3654,0.1655,-0.0061,0.0061,-0.1993,54.831,66.769,27.1437,25.8513,19.7557,2.9700
Station-1,2010,25.0208,83.0403,406.9148,69.9187,4.5543,758.1785,0.0329,0.0283,-0.0283,-0.0614,54.792,66.944,30.8180,28.5547,25.5359,2.4200
Station-2,2010,24.9272,83.0444,406.9148,69.9187,4.5543,758.1785,0.0329,0.0283,-0.0283,-0.0614,54.792,66.944,30.8180,28.5547,25.5359,1.2500
Station-3,2010,24.8833,82.7917,406.9148,69.9187,4.5543,758.1785,0.0329,0.0283,-0.0283,-0.0614,54.792,66.944,30.8180,28.5547,25.5359,0.9500
Station-4,2010,25.1528,82.3917,406.9148,69.9187,4.5543,758.1785,0.0329,0.0283,-0.0283,-0.0614,54.792,66.944,30.8180,28.5547,25.5359,16.8000
Station-5,2010,25.1583,82.4833,406.9148,69.9187,4.5543,758.1785,0.0329,0.0283,-0.0283,-0.0614,54.792,66.944,30.8180,28.5547,25.5359,12.9000
Station-6,2010,24.8267,82.3233,406.9148,69.9187,4.5543,758.1785,0.0329,0.0283,-0.0283,-0.0614,54.792,66.944,30.8180,28.5547,25.5359,4.5300
Station-7,2010,25.0667,82.4900,406.9148,69.9187,4.5543,758.1785,0.0329,0.0283,-0.0283,-0.0614,54.792,66.944,30.8180,28.5547,25.5359,5.6900
Station-8,2010,25.1333,82.6000,406.9148,69.9187,4.5543,758.1785,0.0329,0.0283,-0.0283,-0.0614,54.792,66.944,30.8180,28.5547,25.5359,9.1900
Station-9,2010,25.0208,82.3639,406.9148,69.9187,4.5543,758.1785,0.0329,0.0283,-0.0283,-0.0614,54.792,66.944,30.8180,28.5547,25.5359,1.8200
Station-1,2011,25.0208,83.0403,459.0035,76.7822,4.7892,1198.6727,0.0000,0.0000,0.0000,0.0000,54.184,65.730,35.0264,34.2061,31.5110,2.1100
Station-2,2011,24.9272,83.0444,459.0035,76.7822,4.7892,1198.6727,0.0000,0.0000,0.0000,0.0000,54.184,65.730,35.0264,34.2061,31.5110,1.1200
Station-3,2011,24.8833,82.7917,459.0035,76.7822,4.7892,1198.6727,0.0000,0.0000,0.0000,0.0000,54.184,65.730,35.0264,34.2061,31.5110,0.5000
Station-4,2011,25.1528,82.3917,459.0035,76.7822,4.7892,1198.6727,0.0000,0.0000,0.0000,0.0000,54.184,65.730,35.0264,34.2061,31.5110,15.9800
Station-5,2011,25.1583,82.4833,459.0035,76.7822,4.7892,1198.6727,0.0000,0.0000,0.0000,0.0000,54.184,65.730,35.0264,34.2061,31.5110,11.7800
Station-6,2011,24.8267,82.3233,459.0035,76.7822,4.7892,1198.6727,0.0000,0.0000,0.0000,0.0000,54.184,65.730,35.0264,34.2061,31.5110,4.0800
Station-7,2011,25.0667,82.4900,459.0035,76.7822,4.7892,1198.6727,0.0000,0.0000,0.0000,0.0000,54.184,65.730,35.0264,34.2061,31.5110,5.7500
Station-8,2011,25.1333,82.6000,459.0035,76.7822,4.7892,1198.6727,0.0000,0.0000,0.0000,0.0000,54.184,65.730,35.0264,34.2061,31.5110,15.0600
Station-9,2011,25.0208,82.3639,459.0035,76.7822,4.7892,1198.6727,0.0000,0.0000,0.0000,0.0000,54.184,65.730,35.0264,34.2061,31.5110,1.0200
Station-1,2012,25.0208,83.0403,530.0386,69.3516,5.2042,1165.7400,0.1872,-0.0327,0.0327,-0.2061,54.853,68.077,34.2458,33.8340,32.6545,0.0000
Station-2,2012,24.9272,83.0444,530.0386,69.3516,5.2042,1165.7400,0.1872,-0.0327,0.0327,-0.2061,54.853,68.077,34.2458,33.8340,32.6545,0.0000
Station-3,2012,24.8833,82.7917,530.0386,69.3516,5.2042,1165.7400,0.1872,-0.0327,0.0327,-0.2061,54.853,68.077,34.2458,33.8340,32.6545,0.0000
Station-4,2012,25.1528,82.3917,530.0386,69.3516,5.2042,1165.7400,0.1872,-0.0327,0.0327,-0.2061,54.853,68.077,34.2458,33.8340,32.6545,0.0000
Station-5,2012,25.1583,82.4833,530.0386,69.3516,5.2042,1165.7400,0.1872,-0.0327,0.0327,-0.2061,54.853,68.077,34.2458,33.8340,32.6545,0.0000
Station-6,2012,24.8267,82.3233,530.0386,69.3516,5.2042,1165.7400,0.1872,-0.0327,0.0327,-0.2061,54.853,68.077,34.2458,33.8340,32.6545,0.0000
Station-7,2012,25.0667,82.4900,530.0386,69.3516,5.2042,1165.7400,0.1872,-0.0327,0.0327,-0.2061,54.853,68.077,34.2458,33.8340,32.6545,0.0000
Station-8,2012,25.1333,82.6000,530.0386,69.3516,5.2042,1165.7400,0.1872,-0.0327,0.0327,-0.2061,54.853,68.077,34.2458,33.8340,32.6545,0.0000
Station-9,2012,25.0208,82.3639,530.0386,69.3516,5.2042,1165.7400,0.1872,-0.0327,0.0327,-0.2061,54.853,68.077,34.2458,33.8340,32.6545,0.0000
Station-1,2013,25.0208,83.0403,559.9533,78.1179,4.5411,1069.1833,0.1136,-0.0573,0.0573,-0.1099,54.151,64.780,36.0317,35.0968,33.1383,3.0900
Station-2,2013,24.9272,83.0444,559.9533,78.1179,4.5411,1069.1833,0.1136,-0.0573,0.0573,-0.1099,54.151,64.780,36.0317,35.0968,33.1383,1.6800
Station-3,2013,24.8833,82.7917,559.9533,78.1179,4.5411,1069.1833,0.1136,-0.0573,0.0573,-0.1099,54.151,64.780,36.0317,35.0968,33.1383,3.9000
Station-4,2013,25.1528,82.3917,559.9533,78.1179,4.5411,1069.1833,0.1136,-0.0573,0.0573,-0.1099,54.151,64.780,36.0317,35.0968,33.1383,13.6000
Station-5,2013,25.1583,82.4833,559.9533,78.1179,4.5411,1069.1833,0.1136,-0.0573,0.0573,-0.1099,54.151,64.780,36.0317,35.0968,33.1383,10.8900
Station-6,2013,24.8267,82.3233,559.9533,78.1179,4.5411,1069.1833,0.1136,-0.0573,0.0573,-0.1099,54.151,64.780,36.0317,35.0968,33.1383,4.5200
Station-7,2013,25.0667,82.4900,559.9533,78.1179,4.5411,1069.1833,0.1136,-0.0573,0.0573,-0.1099,54.151,64.780,36.0317,35.0968,33.1383,4.2100
Station-8,2013,25.1333,82.6000,559.9533,78.1179,4.5411,1069.1833,0.1136,-0.0573,0.0573,-0.1099,54.151,64.780,36.0317,35.0968,33.1383,11.3500
Station-9,2013,25.0208,82.3639,559.9533,78.1179,4.5411,1069.1833,0.1136,-0.0573,0.0573,-0.1099,54.151,64.780,36.0317,35.0968,33.1383,2.6300
Station-1,2014,25.0208,83.0403,456.0241,69.5026,4.8590,800.0780,0.1797,-0.0150,0.0150,-0.2076,54.622,67.499,31.2891,31.4956,29.5721,1.8700
Station-2,2014,24.9272,83.0444,456.0241,69.5026,4.8590,800.0780,0.1797,-0.0150,0.0150,-0.2076,54.622,67.499,31.2891,31.4956,29.5721,3.8700
Station-3,2014,24.8833,82.7917,456.0241,69.5026,4.8590,800.0780,0.1797,-0.0150,0.0150,-0.2076,54.622,67.499,31.2891,31.4956,29.5721,3.2300
Station-4,2014,25.1528,82.3917,456.0241,69.5026,4.8590,800.0780,0.1797,-0.0150,0.0150,-0.2076,54.622,67.499,31.2891,31.4956,29.5721,3.4200
Station-5,2014,25.1583,82.4833,456.0241,69.5026,4.8590,800.0780,0.1797,-0.0150,0.0150,-0.2076,54.622,67.499,31.2891,31.4956,29.5721,10.0900
Station-6,2014,24.8267,82.3233,456.0241,69.5026,4.8590,800.0780,0.1797,-0.0150,0.0150,-0.2076,54.622,67.499,31.2891,31.4956,29.5721,5.4900
Station-7,2014,25.0667,82.4900,456.0241,69.5026,4.8590,800.0780,0.1797,-0.0150,0.0150,-0.2076,54.622,67.499,31.2891,31.4956,29.5721,2.1200
Station-8,2014,25.1333,82.6000,456.0241,69.5026,4.8590,800.0780,0.1797,-0.0150,0.0150,-0.2076,54.622,67.499,31.2891,31.4956,29.5721,7.4000
Station-9,2014,25.0208,82.3639,456.0241,69.5026,4.8590,800.0780,0.1797,-0.0150,0.0150,-0.2076,54.622,67.499,31.2891,31.4956,29.5721,1.2900
Station-1,2015,25.0208,83.0403,442.8390,71.0474,5.0141,655.1192,0.3144,-0.0331,0.0331,-0.3629,54.087,66.920,30.2227,29.7897,27.5070,2.9900
Station-2,2015,24.9272,83.0444,442.8390,71.0474,5.0141,655.1192,0.3144,-0.0331,0.0331,-0.3629,54.087,66.920,30.2227,29.7897,27.5070,2.1600
Station-3,2015,24.8833,82.7917,442.8390,71.0474,5.0141,655.1192,0.3144,-0.0331,0.0331,-0.3629,54.087,66.920,30.2227,29.7897,27.5070,3.2900
Station-4,2015,25.1528,82.3917,442.8390,71.0474,5.0141,655.1192,0.3144,-0.0331,0.0331,-0.3629,54.087,66.920,30.2227,29.7897,27.5070,10.0400
Station-5,2015,25.1583,82.4833,442.8390,71.0474,5.0141,655.1192,0.3144,-0.0331,0.0331,-0.3629,54.087,66.920,30.2227,29.7897,27.5070,11.4300
Station-6,2015,24.8267,82.3233,442.8390,71.0474,5.0141,655.1192,0.3144,-0.0331,0.0331,-0.3629,54.087,66.920,30.2227,29.7897,27.5070,7.1400
Station-7,2015,25.0667,82.4900,442.8390,71.0474,5.0141,655.1192,0.3144,-0.0331,0.0331,-0.3629,54.087,66.920,30.2227,29.7897,27.5070,3.9700
Station-8,2015,25.1333,82.6000,442.8390,71.0474,5.0141,655.1192,0.3144,-0.0331,0.0331,-0.3629,54.087,66.920,30.2227,29.7897,27.5070,11.3000
Station-9,2015,25.0208,82.3639,442.8390,71.0474,5.0141,655.1192,0.3144,-0.0331,0.0331,-0.3629,54.087,66.920,30.2227,29.7897,27.5070,2.8200
Station-1,2016,25.0208,83.0403,499.0826,76.6763,4.5573,1396.7446,0.0000,0.0000,0.0000,0.0000,54.797,66.357,36.3173,34.5139,33.3449,1.6500
Station-2,2016,24.9272,83.0444,499.0826,76.6763,4.5573,1396.7446,0.0000,0.0000,0.0000,0.0000,54.797,66.357,36.3173,34.5139,33.3449,0.6000
Station-3,2016,24.8833,82.7917,499.0826,76.6763,4.5573,1396.7446,0.0000,0.0000,0.0000,0.0000,54.797,66.357,36.3173,34.5139,33.3449,0.8500
Station-4,2016,25.1528,82.3917,499.0826,76.6763,4.5573,1396.7446,0.0000,0.0000,0.0000,0.0000,54.797,66.357,36.3173,34.5139,33.3449,7.5000
Station-5,2016,25.1583,82.4833,499.0826,76.6763,4.5573,1396.7446,0.0000,0.0000,0.0000,0.0000,54.797,66.357,36.3173,34.5139,33.3449,13.2000
Station-6,2016,24.8267,82.3233,499.0826,76.6763,4.5573,1396.7446,0.0000,0.0000,0.0000,0.0000,54.797,66.357,36.3173,34.5139,33.3449,0.3000
Station-7,2016,25.0667,82.4900,499.0826,76.6763,4.5573,1396.7446,0.0000,0.0000,0.0000,0.0000,54.797,66.357,36.3173,34.5139,33.3449,4.8500
Station-8,2016,25.1333,82.6000,499.0826,76.6763,4.5573,1396.7446,0.0000,0.0000,0.0000,0.0000,54.797,66.357,36.3173,34.5139,33.3449,14.4000
Station-9,2016,25.0208,82.3639,499.0826,76.6763,4.5573,1396.7446,0.0000,0.0000,0.0000,0.0000,54.797,66.357,36.3173,34.5139,33.3449,1.8700
Station-1,2017,25.0208,83.0403,499.9593,74.6684,4.5603,982.9332,0.1728,-0.0221,0.0221,-0.1961,54.885,66.221,35.5641,34.8328,34.4450,1.9200
Station-2,2017,24.9272,83.0444,499.9593,74.6684,4.5603,982.9332,0.1728,-0.0221,0.0221,-0.1961,54.885,66.221,35.5641,34.8328,34.4450,1.3000
Station-3,2017,24.8833,82.7917,499.9593,74.6684,4.5603,982.9332,0.1728,-0.0221,0.0221,-0.1961,54.885,66.221,35.5641,34.8328,34.4450,0.9500
Station-4,2017,25.1528,82.3917,499.9593,74.6684,4.5603,982.9332,0.1728,-0.0221,0.0221,-0.1961,54.885,66.221,35.5641,34.8328,34.4450,12.2000
Station-5,2017,25.1583,82.4833,499.9593,74.6684,4.5603,982.9332,0.1728,-0.0221,0.0221,-0.1961,54.885,66.221,35.5641,34.8328,34.4450,11.5000
Station-6,2017,24.8267,82.3233,499.9593,74.6684,4.5603,982.9332,0.1728,-0.0221,0.0221,-0.1961,54.885,66.221,35.5641,34.8328,34.4450,0.7700
Station-7,2017,25.0667,82.4900,499.9593,74.6684,4.5603,982.9332,0.1728,-0.0221,0.0221,-0.1961,54.885,66.221,35.5641,34.8328,34.4450,5.0500
Station-8,2017,25.1333,82.6000,499.9593,74.6684,4.5603,982.9332,0.1728,-0.0221,0.0221,-0.1961,54.885,66.221,35.5641,34.8328,34.4450,14.2000
Station-9,2017,25.0208,82.3639,499.9593,74.6684,4.5603,982.9332,0.1728,-0.0221,0.0221,-0.1961,54.885,66.221,35.5641,34.8328,34.4450,2.3000
Station-1,2018,25.0208,83.0403,481.4804,72.9258,5.1656,999.2212,0.1754,-0.0230,0.0230,-0.2002,54.497,66.182,33.7981,31.9714,28.9114,0.0000
Station-2,2018,24.9272,83.0444,481.4804,72.9258,5.1656,999.2212,0.1754,-0.0230,0.0230,-0.2002,54.497,66.182,33.7981,31.9714,28.9114,0.5000
Station-3,2018,24.8833,82.7917,481.4804,72.9258,5.1656,999.2212,0.1754,-0.0230,0.0230,-0.2002,54.497,66.182,33.7981,31.9714,28.9114,0.6500
Station-4,2018,25.1528,82.3917,481.4804,72.9258,5.1656,999.2212,0.1754,-0.0230,0.0230,-0.2002,54.497,66.182,33.7981,31.9714,28.9114,0.0000
Station-5,2018,25.1583,82.4833,481.4804,72.9258,5.1656,999.2212,0.1754,-0.0230,0.0230,-0.2002,54.497,66.182,33.7981,31.9714,28.9114,9.7000
Station-6,2018,24.8267,82.3233,481.4804,72.9258,5.1656,999.2212,0.1754,-0.0230,0.0230,-0.2002,54.497,66.182,33.7981,31.9714,28.9114,5.4500
Station-7,2018,25.0667,82.4900,481.4804,72.9258,5.1656,999.2212,0.1754,-0.0230,0.0230,-0.2002,54.497,66.182,33.7981,31.9714,28.9114,1.4500
Station-8,2018,25.1333,82.6000,481.4804,72.9258,5.1656,999.2212,0.1754,-0.0230,0.0230,-0.2002,54.497,66.182,33.7981,31.9714,28.9114,6.1000
Station-9,2018,25.0208,82.3639,481.4804,72.9258,5.1656,999.2212,0.1754,-0.0230,0.0230,-0.2002,54.497,66.182,33.7981,31.9714,28.9114,1.3700
Station-1,2019,25.0208,83.0403,474.5008,74.2379,4.8447,1272.4750,0.0365,0.0284,-0.0284,-0.0643,54.790,66.702,33.8973,32.4489,31.3920,1.0500
Station-2,2019,24.9272,83.0444,474.5008,74.2379,4.8447,1272.4750,0.0365,0.0284,-0.0284,-0.0643,54.790,66.702,33.8973,32.4489,31.3920,1.5300
Station-3,2019,24.8833,82.7917,474.5008,74.2379,4.8447,1272.4750,0.0365,0.0284,-0.0284,-0.0643,54.790,66.702,33.8973,32.4489,31.3920,0.9000
Station-4,2019,25.1528,82.3917,474.5008,74.2379,4.8447,1272.4750,0.0365,0.0284,-0.0284,-0.0643,54.790,66.702,33.8973,32.4489,31.3920,0.0000
Station-5,2019,25.1583,82.4833,474.5008,74.2379,4.8447,1272.4750,0.0365,0.0284,-0.0284,-0.0643,54.790,66.702,33.8973,32.4489,31.3920,13.7000
Station-6,2019,24.8267,82.3233,474.5008,74.2379,4.8447,1272.4750,0.0365,0.0284,-0.0284,-0.0643,54.790,66.702,33.8973,32.4489,31.3920,2.4000
Station-7,2019,25.0667,82.4900,474.5008,74.2379,4.8447,1272.4750,0.0365,0.0284,-0.0284,-0.0643,54.790,66.702,33.8973,32.4489,31.3920,5.5600
Station-8,2019,25.1333,82.6000,474.5008,74.2379,4.8447,1272.4750,0.0365,0.0284,-0.0284,-0.0643,54.790,66.702,33.8973,32.4489,31.3920,15.9500
Station-9,2019,25.0208,82.3639,474.5008,74.2379,4.8447,1272.4750,0.0365,0.0284,-0.0284,-0.0643,54.790,66.702,33.8973,32.4489,31.3920,2.1100
Station-1,2020,25.0208,83.0403,553.9848,81.0492,4.3928,1122.5853,0.0000,0.0000,0.0000,0.0000,53.852,64.417,38.7711,38.5508,37.5394,0.0000
Station-2,2020,24.9272,83.0444,553.9848,81.0492,4.3928,1122.5853,0.0000,0.0000,0.0000,0.0000,53.852,64.417,38.7711,38.5508,37.5394,0.0000
Station-3,2020,24.8833,82.7917,553.9848,81.0492,4.3928,1122.5853,0.0000,0.0000,0.0000,0.0000,53.852,64.417,38.7711,38.5508,37.5394,0.0000
Station-4,2020,25.1528,82.3917,553.9848,81.0492,4.3928,1122.5853,0.0000,0.0000,0.0000,0.0000,53.852,64.417,38.7711,38.5508,37.5394,0.0000
Station-5,2020,25.1583,82.4833,553.9848,81.0492,4.3928,1122.5853,0.0000,0.0000,0.0000,0.0000,53.852,64.417,38.7711,38.5508,37.5394,0.0000
Station-6,2020,24.8267,82.3233,553.9848,81.0492,4.3928,1122.5853,0.0000,0.0000,0.0000,0.0000,53.852,64.417,38.7711,38.5508,37.5394,0.0000
Station-7,2020,25.0667,82.4900,553.9848,81.0492,4.3928,1122.5853,0.0000,0.0000,0.0000,0.0000,53.852,64.417,38.7711,38.5508,37.5394,0.0000
Station-8,2020,25.1333,82.6000,553.9848,81.0492,4.3928,1122.5853,0.0000,0.0000,0.0000,0.0000,53.852,64.417,38.7711,38.5508,37.5394,0.0000
Station-9,2020,25.0208,82.3639,553.9848,81.0492,4.3928,1122.5853,0.0000,0.0000,0.0000,0.0000,53.852,64.417,38.7711,38.5508,37.5394,0.0000
Station-1,2021,25.0208,83.0403,558.4222,79.5878,4.7309,1136.5347,0.1570,-0.0619,0.0619,-0.1487,54.463,64.642,37.9813,37.4331,36.3167,0.5900
Station-2,2021,24.9272,83.0444,558.4222,79.5878,4.7309,1136.5347,0.1570,-0.0619,0.0619,-0.1487,54.463,64.642,37.9813,37.4331,36.3167,0.5200
Station-3,2021,24.8833,82.7917,558.4222,79.5878,4.7309,1136.5347,0.1570,-0.0619,0.0619,-0.1487,54.463,64.642,37.9813,37.4331,36.3167,0.4300
Station-4,2021,25.1528,82.3917,558.4222,79.5878,4.7309,1136.5347,0.1570,-0.0619,0.0619,-0.1487,54.463,64.642,37.9813,37.4331,36.3167,10.5700
Station-5,2021,25.1583,82.4833,558.4222,79.5878,4.7309,1136.5347,0.1570,-0.0619,0.0619,-0.1487,54.463,64.642,37.9813,37.4331,36.3167,5.5300
Station-6,2021,24.8267,82.3233,558.4222,79.5878,4.7309,1136.5347,0.1570,-0.0619,0.0619,-0.1487,54.463,64.642,37.9813,37.4331,36.3167,2.7400
Station-7,2021,25.0667,82.4900,558.4222,79.5878,4.7309,1136.5347,0.1570,-0.0619,0.0619,-0.1487,54.463,64.642,37.9813,37.4331,36.3167,0.8400
Station-8,2021,25.1333,82.6000,558.4222,79.5878,4.7309,1136.5347,0.1570,-0.0619,0.0619,-0.1487,54.463,64.642,37.9813,37.4331,36.3167,9.0300
Station-9,2021,25.0208,82.3639,558.4222,79.5878,4.7309,1136.5347,0.1570,-0.0619,0.0619,-0.1487,54.463,64.642,37.9813,37.4331,36.3167,1.7900
Station-1,2022,25.0208,83.0403,448.0445,70.6281,4.3721,960.7501,0.2281,-0.1146,0.1146,-0.2177,54.759,66.345,32.2285,32.0406,28.6649,2.9800
Station-2,2022,24.9272,83.0444,448.0445,70.6281,4.3721,960.7501,0.2281,-0.1146,0.1146,-0.2177,54.759,66.345,32.2285,32.0406,28.6649,1.1400
Station-3,2022,24.8833,82.7917,448.0445,70.6281,4.3721,960.7501,0.2281,-0.1146,0.1146,-0.2177,54.759,66.345,32.2285,32.0406,28.6649,0.9500
Station-4,2022,25.1528,82.3917,448.0445,70.6281,4.3721,960.7501,0.2281,-0.1146,0.1146,-0.2177,54.759,66.345,32.2285,32.0406,28.6649,11.8800
Station-5,2022,25.1583,82.4833,448.0445,70.6281,4.3721,960.7501,0.2281,-0.1146,0.1146,-0.2177,54.759,66.345,32.2285,32.0406,28.6649,11.6000
Station-6,2022,24.8267,82.3233,448.0445,70.6281,4.3721,960.7501,0.2281,-0.1146,0.1146,-0.2177,54.759,66.345,32.2285,32.0406,28.6649,3.4400
Station-7,2022,25.0667,82.4900,448.0445,70.6281,4.3721,960.7501,0.2281,-0.1146,0.1146,-0.2177,54.759,66.345,32.2285,32.0406,28.6649,2.4500
Station-8,2022,25.1333,82.6000,448.0445,70.6281,4.3721,960.7501,0.2281,-0.1146,0.1146,-0.2177,54.759,66.345,32.2285,32.0406,28.6649,9.8000
Station-9,2022,25.0208,82.3639,448.0445,70.6281,4.3721,960.7501,0.2281,-0.1146,0.1146,-0.2177,54.759,66.345,32.2285,32.0406,28.6649,3.1700
